seqName,insertions,aaInsertions
EPI_ISL_17281184|A/Netherlands/10450/2023|A_/_H3N2||PB2|Original|2023-03-08,2310:CGA,
EPI_ISL_17281174|A/Netherlands/10464/2023|A_/_H3N2||PB2|Original|2023-03-13,2310:CGA,
EPI_ISL_17232990|A/Netherlands/10438/2023|A_/_H3N2||PB2|Original|2023-02-02,2310:CGA,
EPI_ISL_17076111|A/Netherlands/10363/2023|A_/_H3N2||PB2|Original|2023-02-19,2310:CGA,
EPI_ISL_17179534|A/Netherlands/10399/2023|A_/_H3N2||PB2|Original|2023-02-23,2310:CGA,
EPI_ISL_17382812|A/Netherlands/10484/2023|A_/_H3N2||PB2|Original|2023-03-16,2310:CGA,
EPI_ISL_17076101|A/Netherlands/10368/2023|A_/_H3N2||PB2|Original|2023-02-13,2310:CGA,
EPI_ISL_17018681|A/Netherlands/10309/2023|A_/_H3N2||PB2|Original|2023-02-13,2310:CGA,
EPI_ISL_17017548|A/Netherlands/10290/2023|A_/_H3N2||PB2|Original|2023-02-14,2310:CGA,
EPI_ISL_17017542|A/Netherlands/10280/2023|A_/_H3N2||PB2|Original|2023-02-13,2310:CGA,
EPI_ISL_17017534|A/Netherlands/10277/2023|A_/_H3N2||PB2|Original|2023-02-09,2310:CGA,
EPI_ISL_17017532|A/Netherlands/10255/2023|A_/_H3N2||PB2|Original|2023-02-08,2310:CGA,
EPI_ISL_16954685|A/Netherlands/10236/2023|A_/_H3N2||PB2|Original|2023-02-03,2310:CGA,
EPI_ISL_17076079|A/Netherlands/10334/2023|A_/_H3N2||PB2|Original|2023-02-20,2310:CGA,
EPI_ISL_17018674|A/Netherlands/10301/2023|A_/_H3N2||PB2|Original|2023-02-06,2310:CGA,
EPI_ISL_16867381|A/Netherlands/10192/2023|A_/_H3N2||PB2|Original|2023-02-01,2310:CGA,
EPI_ISL_16867354|A/Netherlands/10154/2023|A_/_H3N2||PB2|Original|2023-01-26,2310:CGA,
EPI_ISL_16812494|A/Netherlands/10148/2023|A_/_H3N2||PB2|Original|2023-01-23,2310:CGA,
EPI_ISL_16700806|A/Netherlands/10125/2023|A_/_H3N2||PB2|Original|2023-01-15,2310:CGA,
EPI_ISL_16700802|A/Netherlands/10120/2023|A_/_H3N2||PB2|Original|2023-01-10,2310:CGA,
EPI_ISL_16700797|A/Netherlands/10113/2023|A_/_H3N2||PB2|Original|2023-01-09,2310:CGA,
EPI_ISL_16700796|A/Netherlands/10112/2023|A_/_H3N2||PB2|Original|2023-01-09,2310:CGA,
EPI_ISL_16700787|A/Netherlands/10132/2023|A_/_H3N2||PB2|Original|2023-01-16,2310:CGA,
EPI_ISL_16812465|A/Netherlands/10146/2023|A_/_H3N2||PB2|Original|2023-01-23,2310:CG,
EPI_ISL_16812438|A/Netherlands/10138/2023|A_/_H3N2||PB2|Original|2023-01-19,2310:CGA,
EPI_ISL_16700781|A/Netherlands/10075/2023|A_/_H3N2||PB2|Original|2023-01-12,2310:CGA,
EPI_ISL_16700776|A/Netherlands/10069/2023|A_/_H3N2||PB2|Original|2023-01-11,2310:CGA,
EPI_ISL_16600555|A/Netherlands/12242/2022|A_/_H3N2||PB2|Original|2022-12-30,2310:CGA,
EPI_ISL_16600560|A/Netherlands/12246/2022|A_/_H3N2||PB2|Original|2022-12-31,2310:CGA,
EPI_ISL_16600559|A/Netherlands/12245/2022|A_/_H3N2||PB2|Original|2022-12-29,2310:CGA,
EPI_ISL_16600508|A/Netherlands/10066/2023|A_/_H3N2||PB2|Original|2023-01-10,2310:CGA,
EPI_ISL_16700783|A/Netherlands/10127/2023|A_/_H3N2||PB2|Original|2023-01-16,2310:CGA,
EPI_ISL_16600490|A/Netherlands/10060/2023|A_/_H3N2||PB2|Original|2023-01-10,2310:CGA,
EPI_ISL_16494780|A/Netherlands/12127/2022|A_/_H3N2||PB2|Original|2022-12-26,2310:CGA,
EPI_ISL_16494768|A/Netherlands/12113/2022|A_/_H3N2||PB2|Original|2022-12-25,2310:CGA,
EPI_ISL_16494777|A/Netherlands/12124/2022|A_/_H3N2||PB2|Original|2022-12-26,2310:CGA,
EPI_ISL_16494763|A/Netherlands/12108/2022|A_/_H3N2||PB2|Original|2022-12-23,2310:CGA,
EPI_ISL_16494738|A/Netherlands/10016/2023|A_/_H3N2||PB2|Original|2023-01-02,2310:CGA,
EPI_ISL_16600556|A/Netherlands/10048/2023|A_/_H3N2||PB2|Original|2023-01-02,2310:CGA,
EPI_ISL_16494728|A/Netherlands/12143/2022|A_/_H3N2||PB2|Original|2022-12-30,2310:CGA,
EPI_ISL_16494730|A/Netherlands/12145/2022|A_/_H3N2||PB2|Original|2022-12-30,2310:CGA,
EPI_ISL_16494772|A/Netherlands/12117/2022|A_/_H3N2||PB2|Original|2022-12-23,2310:CGA,
EPI_ISL_16494764|A/Netherlands/12109/2022|A_/_H3N2||PB2|Original|2022-12-23,2310:CGA,
EPI_ISL_16390349|A/Netherlands/12050/2022|A_/_H3N2||PB2|Original|2022-12-22,2310:CGA,
EPI_ISL_16390264|A/Netherlands/11982/2022|A_/_H3N2||PB2|Original|2022-12-20,2310:CGA,
EPI_ISL_16390351|A/Netherlands/12052/2022|A_/_H3N2||PB2|Original|2022-12-16,2310:CGA,
EPI_ISL_16600548|A/Netherlands/12234/2022|A_/_H3N2||PB2|Original|2022-12-29,2310:CGA,
EPI_ISL_16494722|A/Netherlands/12136/2022|A_/_H3N2||PB2|Original|2022-12-29,2310:CGA,
EPI_ISL_16350754|A/Netherlands/11968/2022|A_/_H3N2||PB2|Original|2022-12-20,2310:CGA,
EPI_ISL_16390262|A/Netherlands/11980/2022|A_/_H3N2||PB2|Original|2022-12-22,2310:CGA,
EPI_ISL_16350747|A/Netherlands/11960/2022|A_/_H3N2||PB2|Original|2022-12-20,2310:CGA,
EPI_ISL_16350751|A/Netherlands/11964/2022|A_/_H3N2||PB2|Original|2022-12-19,2310:CGA,
EPI_ISL_16350793|A/Netherlands/12037/2022|A_/_H3N2||PB2|Original|2022-12-11,2310:CGA,
EPI_ISL_16215317|A/Netherlands/11950/2022|A_/_H3N2||PB2|Original|2022-12-08,2310:CGA,
EPI_ISL_16350753|A/Netherlands/11967/2022|A_/_H3N2||PB2|Original|2022-12-19,2310:CGA,
EPI_ISL_16215316|A/Netherlands/11948/2022|A_/_H3N2||PB2|Original|2022-12-06,2310:CGA,
EPI_ISL_16215315|A/Netherlands/11947/2022|A_/_H3N2||PB2|Original|2022-12-06,2310:CGA,
EPI_ISL_16215314|A/Netherlands/11946/2022|A_/_H3N2||PB2|Original|2022-12-06,2310:CGA,
EPI_ISL_16215281|A/Netherlands/11899/2022|A_/_H3N2||PB2|Original|2022-12-12,2310:CGA,
EPI_ISL_16494773|A/Netherlands/12118/2022|A_/_H3N2||PB2|Original|2022-12-24,2310:CGA,
EPI_ISL_16140115|A/Netherlands/11865/2022|A_/_H3N2||PB2|Original|2022-12-06,2310:CGA,
EPI_ISL_16140107|A/Netherlands/11846/2022|A_/_H3N2||PB2|Original|2022-12-01,2310:CGA,
EPI_ISL_16140106|A/Netherlands/11845/2022|A_/_H3N2||PB2|Original|2022-11-29,2310:CGA,
EPI_ISL_16390260|A/Netherlands/11978/2022|A_/_H3N2||PB2|Original|2022-12-19,2310:CGA,
EPI_ISL_16028468|A/Netherlands/11862/2022|A_/_H3N2||PB2|Original|2022-11-28,2310:CGA,
EPI_ISL_16215284|A/Netherlands/11905/2022|A_/_H3N2||PB2|Original|2022-12-13,2310:CGA,
EPI_ISL_16028427|A/Netherlands/11859/2022|A_/_H3N2||PB2|Original|2022-11-14,2310:CGA,
EPI_ISL_15971256|A/Netherlands/11797/2022|A_/_H3N2||PB2|Original|2022-11-01,2310:CGA,
EPI_ISL_16140158|A/Netherlands/11892/2022|A_/_H3N2||PB2|Original|2022-12-05,2310:CGA,
EPI_ISL_15971255|A/Netherlands/11796/2022|A_/_H3N2||PB2|Original|2022-10-31,2310:CGA,
EPI_ISL_15895151|A/Netherlands/11827/2022|A_/_H3N2||PB2|Original|2022-10-25,2310:CGA,
EPI_ISL_15544280|A/Netherlands/11749/2022|A_/_H3N2||PB2|Original|2022-10-05,2310:CGA,
EPI_ISL_16028436|A/Netherlands/11860/2022|A_/_H3N2||PB2|Original|2022-11-28,2310:CGA,
EPI_ISL_16028349|A/Netherlands/11836/2022|A_/_H3N2||PB2|Original|2022-11-25,2310:CGA,
EPI_ISL_14918894|A/Netherlands/11717/2022|A_/_H3N2||PB2|Original|2022-08-29,2310:CGA,
EPI_ISL_14751120|A/Netherlands/11697/2022|A_/_H3N2||PB2|Original|2022-08-18,2310:CGA,
EPI_ISL_15971259|A/Netherlands/11834/2022|A_/_H3N2||PB2|Original|2022-11-21,2310:CGA,
EPI_ISL_14751118|A/Netherlands/11687/2022|A_/_H3N2||PB2|Original|2022-08-11,2310:CGA,
EPI_ISL_14120597|A/Netherlands/11671/2022|A_/_H3N2||PB2|Original|2022-06-27,2310:CGA,
EPI_ISL_14120591|A/Netherlands/11659/2022|A_/_H3N2||PB2|Original|2022-06-24,2310:CGA,
EPI_ISL_16954704|A/Netherlands/10269/2023|A_/_H3N2||PB2|Original|2023-02-02,2310:CGA,
EPI_ISL_15544279|A/Netherlands/11764/2022|A_/_H3N2||PB2|Original|2022-10-14,2310:CGA,
EPI_ISL_16954702|A/Netherlands/10267/2023|A_/_H3N2||PB2|Original|2023-02-04,2310:CGA,
EPI_ISL_14570068|A/Netherlands/11686/2022|A_/_H3N2||PB2|Original|2022-08-05,2310:CG,
EPI_ISL_16867389|A/Netherlands/10226/2023|A_/_H3N2||PB2|Original|2023-01-29,2310:CGA,
EPI_ISL_16812568|A/Netherlands/10162/2023|A_/_H3N2||PB2|Original|2023-01-23,2310:CGA,
EPI_ISL_17646683|A/Netherlands/10517/2023|A_/_H3N2||PB2|Original|2023-03-29,2310:CGA,
EPI_ISL_16600532|A/Netherlands/10045/2023|A_/_H3N2||PB2|Original|2023-01-02,2310:CGA,
EPI_ISL_16700790|A/Netherlands/10142/2023|A_/_H3N2||PB2|Original|2023-01-12,2310:CGA,
EPI_ISL_16494792|A/Netherlands/12217/2022|A_/_H3N2||PB2|Original|2022-12-30,2310:CGA,
EPI_ISL_14458481|A/Netherlands/11679/2022|A_/_H3N2||PB2|Original|2022-07-22,2310:CG,
EPI_ISL_16494788|A/Netherlands/12199/2022|A_/_H3N2||PB2|Original|2022-12-28,2310:CGA,
EPI_ISL_16494747|A/Netherlands/12095/2022|A_/_H3N2||PB2|Original|2022-12-24,2310:CGA,
EPI_ISL_16494743|A/Netherlands/12071/2022|A_/_H3N2||PB2|Original|2022-12-21,2310:CGA,
EPI_ISL_16700788|A/Netherlands/10140/2023|A_/_H3N2||PB2|Original|2023-01-10,2310:CGA,
EPI_ISL_16390316|A/Netherlands/12079/2022|A_/_H3N2||PB2|Original|2022-12-22,2310:CGA,
EPI_ISL_16812542|A/Netherlands/10160/2023|A_/_H3N2||PB2|Original|2023-01-22,2310:CGA,
EPI_ISL_16390315|A/Netherlands/12078/2022|A_/_H3N2||PB2|Original|2022-12-22,2310:CGA,
EPI_ISL_16390312|A/Netherlands/12075/2022|A_/_H3N2||PB2|Original|2022-12-21,2310:CGA,
EPI_ISL_16390303|A/Netherlands/12030/2022|A_/_H3N2||PB2|Original|2022-12-20,2310:CGA,
EPI_ISL_16390302|A/Netherlands/12029/2022|A_/_H3N2||PB2|Original|2022-12-19,2310:CGA,
EPI_ISL_16390299|A/Netherlands/12026/2022|A_/_H3N2||PB2|Original|2022-12-19,2310:CGA,
EPI_ISL_16390313|A/Netherlands/12076/2022|A_/_H3N2||PB2|Original|2022-12-21,2310:CGA,
EPI_ISL_16494790|A/Netherlands/12209/2022|A_/_H3N2||PB2|Original|2022-12-29,2310:CGA,
EPI_ISL_16350780|A/Netherlands/12011/2022|A_/_H3N2||PB2|Original|2022-12-19,2310:CGA,
EPI_ISL_16350771|A/Netherlands/12002/2022|A_/_H3N2||PB2|Original|2022-12-15,2310:CGA,
EPI_ISL_16350781|A/Netherlands/12012/2022|A_/_H3N2||PB2|Original|2022-12-18,2310:CGA,
EPI_ISL_16350765|A/Netherlands/11944/2022|A_/_H3N2||PB2|Original|2022-12-13,2310:CGA,
EPI_ISL_16028373|A/Netherlands/11844/2022|A_/_H3N2||PB2|Original|2022-11-28,2310:CGA,
EPI_ISL_16350764|A/Netherlands/11943/2022|A_/_H3N2||PB2|Original|2022-12-13,2310:CGA,
EPI_ISL_16215300|A/Netherlands/11924/2022|A_/_H3N2||PB2|Original|2022-12-07,2310:CGA,
EPI_ISL_16350767|A/Netherlands/11998/2022|A_/_H3N2||PB2|Original|2022-12-15,2310:CGA,
EPI_ISL_16215298|A/Netherlands/11922/2022|A_/_H3N2||PB2|Original|2022-12-07,2310:CGA,
EPI_ISL_16140150|A/Netherlands/11876/2022|A_/_H3N2||PB2|Original|2022-12-02,2310:CGA,
EPI_ISL_16140132|A/Netherlands/11874/2022|A_/_H3N2||PB2|Original|2022-11-30,2310:CGA,
EPI_ISL_16350763|A/Netherlands/11942/2022|A_/_H3N2||PB2|Original|2022-12-14,2310:CGA,
EPI_ISL_16215299|A/Netherlands/11923/2022|A_/_H3N2||PB2|Original|2022-12-07,2310:CGA,
EPI_ISL_16028374|A/Netherlands/11839/2022|A_/_H3N2||PB2|Original|2022-11-23,2310:CGA,
EPI_ISL_15895149|A/Netherlands/11833/2022|A_/_H3N2||PB2|Original|2022-11-11,2310:CGA,
EPI_ISL_16140144|A/Netherlands/11875/2022|A_/_H3N2||PB2|Original|2022-12-03,2310:CGA,
EPI_ISL_15215328|A/Netherlands/11739/2022|A_/_H3N2||PB2|Original|2022-09-19,2310:CGA,
EPI_ISL_15215327|A/Netherlands/11738/2022|A_/_H3N2||PB2|Original|2022-09-17,2310:CGA,
EPI_ISL_16390341|A/Netherlands/12169/2022|A_/_H3N2||PB2|Original|2022-12-15,2310:CGA,
EPI_ISL_15814120|A/Netherlands/11812/2022|A_/_H3N2||PB2|Original|2022-11-02,2310:CGA,
EPI_ISL_14918896|A/Netherlands/11718/2022|A_/_H3N2||PB2|Original|2022-08-28,2310:CGA,
EPI_ISL_16494745|A/Netherlands/12091/2022|A_/_H3N2||PB2|Original|2022-12-23,2310:CGA,
EPI_ISL_14751126|A/Netherlands/11703/2022|A_/_H3N2||PB2|Original|2022-08-21,2310:CGA,
EPI_ISL_14570071|A/Netherlands/11690/2022|A_/_H3N2||PB2|Original|2022-08-05,2310:CG,
EPI_ISL_14120574|A/Netherlands/11673/2022|A_/_H3N2||PB2|Original|2022-06-24,2310:CGA,
EPI_ISL_16390301|A/Netherlands/12028/2022|A_/_H3N2||PB2|Original|2022-12-19,2310:CGA,
EPI_ISL_16600538|A/Netherlands/10082/2023|A_/_H3N2||PB2|Original|2023-01-09,2310:CGA,
EPI_ISL_16494796|A/Netherlands/12227/2022|A_/_H3N2||PB2|Original|2022-12-28,2310:CGA,
EPI_ISL_16600537|A/Netherlands/10081/2023|A_/_H3N2||PB2|Original|2023-01-09,2310:CGA,
EPI_ISL_14458483|A/Netherlands/11684/2022|A_/_H3N2||PB2|Original|2022-07-21,2310:CG,
EPI_ISL_16390317|A/Netherlands/12146/2022|A_/_H3N2||PB2|Original|2022-12-26,2310:CGA,
EPI_ISL_15345824|A/Netherlands/11743/2022|A_/_H3N2||PB2|Original|2022-09-21,2310:CG,
EPI_ISL_16350785|A/Netherlands/12016/2022|A_/_H3N2||PB2|Original|2022-12-14,2310:CGA,
EPI_ISL_15814126|A/Netherlands/11817/2022|A_/_H3N2||PB2|Original|2022-11-03,2310:CGA,
EPI_ISL_16215307|A/Netherlands/11931/2022|A_/_H3N2||PB2|Original|2022-12-11,2310:CGA,
EPI_ISL_16390318|A/Netherlands/12147/2022|A_/_H3N2||PB2|Original|2022-12-26,2310:CGA,
EPI_ISL_16350783|A/Netherlands/12014/2022|A_/_H3N2||PB2|Original|2022-12-18,2310:CGA,
EPI_ISL_16215292|A/Netherlands/11886/2022|A_/_H3N2||PB2|Original|2022-12-04,2310:CGA,
EPI_ISL_16350786|A/Netherlands/12017/2022|A_/_H3N2||PB2|Original|2022-12-14,2310:CGA,
EPI_ISL_16350784|A/Netherlands/12015/2022|A_/_H3N2||PB2|Original|2022-12-17,2310:CGA,
EPI_ISL_16028380|A/Netherlands/11854/2022|A_/_H3N2||PB2|Original|2022-11-27,2310:CGA,
EPI_ISL_16215287|A/Netherlands/11881/2022|A_/_H3N2||PB2|Original|2022-11-30,2310:CGA,
EPI_ISL_15971260|A/Netherlands/11837/2022|A_/_H3N2||PB2|Original|2022-11-12,2310:CGA,
EPI_ISL_16215286|A/Netherlands/11880/2022|A_/_H3N2||PB2|Original|2022-11-29,2310:CGA,
EPI_ISL_15814127|A/Netherlands/11818/2022|A_/_H3N2||PB2|Original|2022-11-06,2310:CGA,
EPI_ISL_15774525|A/Netherlands/11792/2022|A_/_H3N2||PB2|Original|2022-10-24,2310:CGA,
EPI_ISL_15774523|A/Netherlands/11789/2022|A_/_H3N2||PB2|Original|2022-10-23,2310:CGA,
EPI_ISL_15544282|A/Netherlands/11751/2022|A_/_H3N2||PB2|Original|2022-10-10,2310:CGA,
EPI_ISL_15345826|A/Netherlands/11745/2022|A_/_H3N2||PB2|Original|2022-09-26,2310:CG,
EPI_ISL_15215320|A/Netherlands/11731/2022|A_/_H3N2||PB2|Original|2022-09-02,2310:CGA,
EPI_ISL_15774534|A/Netherlands/11807/2022|A_/_H3N2||PB2|Original|2022-10-31,2310:CGA,
EPI_ISL_15262291|A/Netherlands/11730/2022|A_/_H3N2||PB2|Original|2022-09-06,2310:CGA,
EPI_ISL_15262290|A/Netherlands/11729/2022|A_/_H3N2||PB2|Original|2022-09-02,2310:CGA,
EPI_ISL_14918900|A/Netherlands/11725/2022|A_/_H3N2||PB2|Original|2022-08-27,2310:CGA,
EPI_ISL_14918901|A/Netherlands/11727/2022|A_/_H3N2||PB2|Original|2022-08-30,2310:CGA,
EPI_ISL_14751138|A/Netherlands/11715/2022|A_/_H3N2||PB2|Original|2022-08-18,2310:CGA,
EPI_ISL_14751121|A/Netherlands/11698/2022|A_/_H3N2||PB2|Original|2022-08-09,2310:CGA,
EPI_ISL_15774521|A/Netherlands/11787/2022|A_/_H3N2||PB2|Original|2022-10-18,2310:CGA,
EPI_ISL_13324719|A/Netherlands/11652/2022|A_/_H3N2||PB2|Original|2022-05-31,2310:CG,
EPI_ISL_15774524|A/Netherlands/11790/2022|A_/_H3N2||PB2|Original|2022-10-24,2310:CGA,
EPI_ISL_16600541|A/Netherlands/10095/2023|A_/_H3N2||PB2|Original|2023-01-04,2310:CGA,
EPI_ISL_16494785|A/Netherlands/12188/2022|A_/_H3N2||PB2|Original|2022-12-29,2310:CGA,
EPI_ISL_16215289|A/Netherlands/11883/2022|A_/_H3N2||PB2|Original|2022-11-30,2310:CGA,
EPI_ISL_16494784|A/Netherlands/12182/2022|A_/_H3N2||PB2|Original|2022-12-27,2310:CGA,
EPI_ISL_16390323|A/Netherlands/12158/2022|A_/_H3N2||PB2|Original|2022-12-22,2310:CGA,
EPI_ISL_14120661|A/Netherlands/11677/2022|A_/_H3N2||PB2|Original|2022-07-01,2310:CGA,
EPI_ISL_16390308|A/Netherlands/12070/2022|A_/_H3N2||PB2|Original|2022-12-25,2310:CGA,
EPI_ISL_16140151|A/Netherlands/11878/2022|A_/_H3N2||PB2|Original|2022-11-28,2310:CGA,
EPI_ISL_14120566|A/Netherlands/11672/2022|A_/_H3N2||PB2|Original|2022-06-19,2310:CGA,
EPI_ISL_15774529|A/Netherlands/11802/2022|A_/_H3N2||PB2|Original|2022-10-24,2310:CGA,
EPI_ISL_16215305|A/Netherlands/11929/2022|A_/_H3N2||PB2|Original|2022-12-07,2310:CGA,
EPI_ISL_14570070|A/Netherlands/11689/2022|A_/_H3N2||PB2|Original|2022-08-02,2310:CG,
EPI_ISL_15544288|A/Netherlands/11757/2022|A_/_H3N2||PB2|Original|2022-10-03,2310:CGA,
EPI_ISL_14458482|A/Netherlands/11683/2022|A_/_H3N2||PB2|Original|2022-07-20,2310:CG,
EPI_ISL_13324720|A/Netherlands/11653/2022|A_/_H3N2||PB2|Original|2022-05-30,2310:CG,
EPI_ISL_15544298|A/Netherlands/11777/2022|A_/_H3N2||PB2|Original|2022-10-08,2310:CGA,
EPI_ISL_15544297|A/Netherlands/11776/2022|A_/_H3N2||PB2|Original|2022-10-07,2310:CGA,
EPI_ISL_14751135|A/Netherlands/11712/2022|A_/_H3N2||PB2|Original|2022-08-09,2310:CGA,
EPI_ISL_14751133|A/Netherlands/11710/2022|A_/_H3N2||PB2|Original|2022-07-25,2310:CGA,
EPI_ISL_14751132|A/Netherlands/11709/2022|A_/_H3N2||PB2|Original|2022-08-17,2310:CGA,
EPI_ISL_14751131|A/Netherlands/11708/2022|A_/_H3N2||PB2|Original|2022-08-11,2310:CGA,
EPI_ISL_14751128|A/Netherlands/11705/2022|A_/_H3N2||PB2|Original|2022-07-26,2310:CGA,
EPI_ISL_15895147|A/Netherlands/11821/2022|A_/_H3N2||PB2|Original|2022-11-05,2310:CGA,
EPI_ISL_16215302|A/Netherlands/11926/2022|A_/_H3N2||PB2|Original|2022-12-05,2310:CGA,
EPI_ISL_15544290|A/Netherlands/11760/2022|A_/_H3N2||PB2|Original|2022-10-07,0:TCA;2310:CGA,
EPI_ISL_15544281|A/Netherlands/11750/2022|A_/_H3N2||PB2|Original|2022-10-03,2310:CGA,
EPI_ISL_15215325|A/Netherlands/11737/2022|A_/_H3N2||PB2|Original|2022-09-13,2310:CGA,
EPI_ISL_15215323|A/Netherlands/11735/2022|A_/_H3N2||PB2|Original|2022-09-01,2310:CGA,
EPI_ISL_14570074|A/Netherlands/11694/2022|A_/_H3N2||PB2|Original|2022-08-06,2310:CG,
EPI_ISL_15544300|A/Netherlands/11779/2022|A_/_H3N2||PB2|Original|2022-10-15,2310:CGA,
EPI_ISL_14120582|A/Netherlands/11674/2022|A_/_H3N2||PB2|Original|2022-06-26,2310:CGA,
EPI_ISL_16215297|A/Netherlands/11920/2022|A_/_H3N2||PB2|Original|2022-12-06,2310:CGA,
EPI_ISL_17179499|A/Netherlands/10389/2023|A_/_H3N2||PB2|Original|2023-02-22,2310:CGA,
EPI_ISL_16028375|A/Netherlands/11849/2022|A_/_H3N2||PB2|Original|2022-11-20,2310:CGA,
EPI_ISL_14570069|A/Netherlands/11685/2022|A_/_H3N2||PB2|Original|2022-07-26,2310:CG,
EPI_ISL_14120505|A/Netherlands/11656/2022|A_/_H3N2||PB2|Original|2022-06-07,2310:CG,
EPI_ISL_15814124|A/Netherlands/11816/2022|A_/_H3N2||PB2|Original|2022-11-03,2310:CGA,
EPI_ISL_15814123|A/Netherlands/11815/2022|A_/_H3N2||PB2|Original|2022-11-02,2310:CGA,
EPI_ISL_15215322|A/Netherlands/11734/2022|A_/_H3N2||PB2|Original|2022-08-26,2310:CGA,
EPI_ISL_15814119|A/Netherlands/11811/2022|A_/_H3N2||PB2|Original|2022-11-02,2310:CGA,
EPI_ISL_14751127|A/Netherlands/11704/2022|A_/_H3N2||PB2|Original|2022-07-08,2310:CGA,
EPI_ISL_15895148|A/Netherlands/11832/2022|A_/_H3N2||PB2|Original|2022-11-09,2310:CGA,
EPI_ISL_16600542|A/Netherlands/10102/2023|A_/_H3N2||PB2|Original|2023-01-07,2310:CGA,
EPI_ISL_16494787|A/Netherlands/12195/2022|A_/_H3N2||PB2|Original|2022-12-31,2310:CGA,
EPI_ISL_16600544|A/Netherlands/10106/2023|A_/_H3N2||PB2|Original|2023-01-08,2310:CGA,
